{"generate_time": 0.7882719039916992, "upload_time": 3.838458776473999}