{"generate_time": 0.7615268230438232, "upload_time": 2.479369640350342}