{"kindling_get_all_sync_time": 0.2632410526275635, "fhirpy_get_all_sync_time": 0.4045884609222412, "smart_get_all_sync_time": 1.1941101551055908, "kindling_get_all_async_time": 0.2718167304992676}